"","rs46060310","rs45869427","rs48535529","rs50235456","rs48950553","rs51172188","rs50332448","rs6297682","rs32951613","rs6235026","rs6235060","rs32647941","rs48170327","rs51340252","rs45992343","rs47451065","rs32899243","rs33261510","rs32853104","rs32553208","rs52144980","rs48687228","rs51674925","rs36641659","rs29339865","rs36461196","rs37460269","rs47567081","rs47551439","rs50656917","rs49275194","rs48386288","rs50519931","rs51508613","rs46809670","rs48472500","rs45704158","rs49603044","rs37314905","rs31445774","rs32363150","rs31731463","rs37849492","rs32395141","rs31700321","rs31655839","rs31636405","rs37513282","rs31180174","rs39934534","rs32535805","rs32453663","rs36802793","rs39456396","rs31605879","rs31890861","rs36831752","rs31769464","rs37217678","rs32032852","rs38951888","rs32331596","rs31201601","rs6307524","rs32405067","rs36245651","rs38318278","rs31839689","rs37957128","rs31409437","rs32224492","rs6193753","rs6246505","rs36832807","rs31764304","rs6330041","rs36563202","rs37110801","rs235043047","rs31254634","rs36325247","rs36605873","rs31714636","rs31063945","rs36821530","rs32103117","rs32429330","rs39026535","rs36716039","rs31623259","rs32697534","rs30757845","rs6349839","rs37379248","rs31785333","rs31873124","rs37766844","rs37592466","rs32291751","rs38216563","rs37576228","rs6238778","rs26914590","rs26914585","rs26914570","rs26914566","rs26914561","rs26914560","rs26897171","rs26897169","rs26897144","rs32379236","rs48246097","rs32028999","rs32765530","rs31650652","rs32759970","rs32763140","rs32764612","rs32767993","rs32769537","rs32769539","rs32764331","rs32768409","rs31184446","rs31702021","rs32769040","rs32323810","rs32772581","rs31526143","rs32769750","rs49439347","rs50492312","rs51871288","rs49718138","rs50109068","rs47326592","rs47527350","rs48350439","rs46363895","rs51044956","rs51500963","rs51406528","rs45763130","rs51852708","rs51146409","rs48214709","rs49704236","rs49870053","rs49687151","rs50104850","rs48502972","rs6211345","rs51526492","rs49457252","rs3698385","rs3699371","rs51995984","rs50473175","rs46706677","rs8254782","rs8259846","rs28281306","rs28281297","rs28281296","rs28281295","rs46362039","rs48761215","rs28281245","rs28281242","rs28281234","rs28281232","rs28281225","rs28281222","rs16787408","rs28281209","rs28281208","rs28281202","rs6305197","rs31549124","rs32619058","rs6304444","rs51304735","rs46971467","rs47816907","rs45880192","rs51135216","rs46830861","rs47592009","rs46669234","rs49130833","rs51101218","rs49410451","rs51984592","rs33823771","rs33826319","rs50801490","rs47102388","rs47321019","rs32178367","rs31558600","rs45711875","rs50330853","rs50949626","rs31079035","rs29605334","rs29606260","rs29599689","rs29967393","rs36352783","rs36554548","rs37232666","rs6256655","rs6256792","rs37477423","rs36770923","rs38154333","rs38500508","rs37075250","rs37679710","rs37217214","rs38009280","rs36357707","rs50502204","rs47252333","rs48137478","rs52260180","rs46935900","rs49125570","rs30363136","rs46383783","rs46947822","rs49187438","rs30963054","rs31206872","rs51401528","rs49661152","rs49706475","rs50785825","rs46153935","rs49053133","rs30998145","rs47640867","rs30365201","rs47098721","rs48142850","rs30959357","rs47222062","rs47959184","rs51215829","rs46935571","rs49020953","rs46348720","rs50133878","rs6272532","rs6272958","rs48435732","rs45757431","rs50923537","rs6232598","rs46284908","rs49955652","rs46726304","rs49507159","rs48683794","rs50394966","rs16793152","rs16793162","rs49786042","rs47599482","rs45927859","rs50603286","rs37646805","rs37452229","rs38304271","rs37062073","rs37275753","rs36480105","rs37627685","rs38558939","rs36404518","rs36516737","rs6398396","rs52444702","rs47923089","rs50349964","rs6377117","rs6305938","rs6306563","rs6320272","rs30495051","rs29696739","rs29696742","rs29698634","rs29699572","rs29693431","rs29700018","rs29700021","rs29700864","rs29695918","rs6260196","rs29701037","rs51309653","rs51580077","rs49508350","rs49261061","rs52468147","rs29355778","rs29331400","rs33698247","rs33698249","rs33703402","rs33704380","rs33704382","rs33705428","rs29375117","rs27312540","rs27312527","rs27312499","rs27312477","rs27292045","rs27292004","rs27291992","rs27291967","rs27291965","rs33354773","rs33353102","rs33352951","rs27087456","rs29443511","rs27087449","rs27087440","rs13474434","rs13474433","rs29674897","rs50049010","rs32665443","rs32876031","rs28191755","rs29447809","rs28191741","rs108540984","rs107928686","rs28191675","rs6230099","rs28191646","rs28191645","rs28191643","rs32886665","rs32886668","rs32888015","rs49830927","rs48744612","rs45635476","rs45705909","rs48665798","rs48410366","rs50024791","rs52442815","rs48931309","rs48132886","rs52124948","rs46309109","rs50501739","rs241508154","rs31486354","rs46577963","rs49398883","rs50521307","rs47199084","rs52520083","rs48442210","rs225830032","rs6369995","rs6370927","rs6372097","rs49667970","rs49438912","rs50882852","rs47378276","rs50301025","rs51074917","rs46625914","rs108752859","rs49303330","rs38494549","rs33469814","rs33469816","rs33469817","rs33470647","rs33472169","rs33472171","rs46930145","rs30240276","rs239206396","rs47418347","rs52025159","rs50441256","rs47689926","rs48333465","rs47573458","rs30188721","rs49711332","rs49650935","rs51895491","rs48571900","rs50998323","rs46991364","rs51186181","rs46238360","rs6152030","rs30442971","rs36651565","rs37065192","rs38232556","rs37300130","rs36750985","rs36695637","rs36351854","rs39273042","rs29826986","rs38019734","rs37516361","rs37837360","rs39170391","rs36789582","rs37086249","rs6200198","rs36797142","rs37089055","rs36565325","rs29643700","rs36435165","rs33445690","rs33448803","rs29205821","rs8279144","rs46448275","rs50754043","rs51246359","rs50677018","rs48115117","rs50780692","rs47363032","rs32530006","rs46621020","rs49190061","rs49468944","rs32023583","rs47024366","rs49999622","rs48140175","rs48007491","rs45651446","rs50098497","rs47293367","rs46607947","rs48208474","rs47196138","rs46397796","rs50959202","rs47690194","rs6255638","rs6256723","rs6289466","rs6289937","rs32192585","rs32644447","rs6216940","rs32643737","rs32642913","rs32642906","rs32646600","rs32642739","rs32642736","rs32641871","rs32641869","rs32641868","rs32641081","rs32641080","rs32521639","rs32645644","rs32644919","rs32644914","rs32644144","rs27102927","rs27102913","rs45898583","rs48996221","rs27102842","rs27102832","rs108839603","rs6249909","rs6251919","rs27102791","rs27102788","rs27102775","rs27102773","rs33557753","rs33558586","rs6384342","rs33558620","rs33562214","rs30848500","rs33559076","rs31000400","rs30946489","rs8255329","rs8277066","rs51663799","rs33400643","rs36526569","rs37101175","rs36801176","rs37659284","rs37613275","rs36729730","rs33537266","rs33542168","rs33543866","rs33544079","rs33547758","rs33542314","rs27384790","rs27384770","rs27369161","rs32823524","rs30789410","rs30786899","rs30288651","rs30543668","rs30144591","rs30120538","rs30783692","rs31700383","rs31700936","rs31700937","rs31700941","rs30056375","rs37929278","rs30308113","rs30758024","rs28168518","rs32490226","rs28168501","rs28168489","rs28168483","rs28168475","rs28168474","rs28168456","rs28168386","rs28168380","rs28168377","rs28168373","rs28224801","rs28224791","rs28210657","rs28210634","rs28210622","rs51973795","rs27038618","rs27038586","rs3659325","rs33792378","rs3661707","rs30941041","rs30941039","rs30940244","rs30939388","rs30941391","rs30943513","rs30942650","rs30939631","rs6341960","rs48432913","rs50985766","rs48614109","rs32439602","rs51814716","rs37561868","rs37298721","rs37660991","rs27888198","rs27888183","rs27942201","rs27925346","rs27925345","rs27925315","rs27925312","rs27925241","rs27925233","rs33210011","rs27925205","rs27925199","rs27925155","rs46473961","rs27925118","rs27925104","rs27925103","rs27925101","rs4223162","rs31643045","rs31727752","rs31728875","rs27105539","rs27105525","rs45975714","rs6265109","rs27105472","rs27089535","rs27089534","rs27089529","rs47329883","rs32271828","rs6207571","rs51753835","rs50708645","rs50126214","rs47050555","rs49615150","rs46171168","rs48828550","rs51717220","rs49706313","rs51615613","rs49455857","rs32346473","rs33319442","rs32349189","rs32352008","rs32353807","rs32353810","rs32353811","rs32347211","rs32348942","rs32350543","rs48300355","rs6162627","rs32352027","rs32348472","rs29547127","rs32349195","rs29553352","rs32349564","rs32352126","rs32352131","rs32352132","rs32352895","rs51603750","rs30408777","rs32158903","rs30790050","rs30789158","rs30786597","rs30786596","rs30784605","rs30783826","rs30790360","rs30789439","rs30788645","rs30787864","rs30786905","rs30786904","rs30786031","rs30786030","rs32949201","rs6371160","rs3681089","rs33613236","rs30930965","rs30930971","rs30934523","rs30939139","rs49549143","rs30942518","rs30943433","rs29181941","rs46263660","rs29222646","rs45796948","rs29203997","rs3675963","rs46639273","rs6357853","rs29218867","rs29188526","rs47411545","rs49699558","rs3711295"
"1","1","1","0","0","1","0","0","1","1","1","1","1","1","0","1","0","1","1","1","1","1","0","0","0","0","0","0","0","0","0","0","0","0","0","0","0","0","0","1","1","1","1","0","1","1","1","1","1","1","0","1","0","0","0","0","0","0","0","1","0","1","1","1","1","1","0","0","1","1","1","1","1","1","1","1","1","0","1","1","1","0","1","1","1","0","0","0","0","0","0","0","0","0","0","0","0","0","0","0","0","0","0","0","0","0","0","1","0","0","0","0","0","0","1","0","1","0","1","1","0","0","1","0","1","0","1","0","1","0","0","1","0","0","0","0","0","0","0","0","0","0","0","0","0","0","0","0","0","0","0","0","0","0","0","0","0","0","0","0","0","0","0","0","0","0","0","0","0","0","0","1","0","0","0","0","0","0","0","0","0","0","0","0","0","0","0","0","0","0","0","0","0","0","0","0","0","0","0","0","0","0","0","0","0","0","0","0","0","0","0","0","0","0","0","0","0","0","0","0","0","0","0","0","0","0","0","0","0","0","1","0","0","0","1","1","0","0","0","0","0","0","0","0","1","0","0","0","0","0","0","0","0","0","0","0","0","0","0","0","0","0","0","0","0","0","0","0","1","0","0","0","0","0","0","0","0","0","0","0","0","0","0","0","0","0","0","0","0","0","0","0","0","0","0","0","0","0","0","0","0","0","0","0","0","0","0","0","0","1","0","0","0","0","0","0","1","1","0","1","1","1","1","1","1","0","0","0","0","1","1","1","0","0","1","0","0","0","1","0","0","0","0","0","0","0","0","0","0","0","0","0","0","0","0","0","0","0","0","0","0","0","0","0","0","0","1","0","0","0","0","0","0","0","0","0","0","0","0","0","0","0","0","0","0","0","0","0","0","0","0","0","0","1","1","0","0","0","0","0","0","0","0","0","0","0","0","0","0","0","1","0","1","0","1","1","0","0","0","1","0","1","0","0","0","0","1","1","0","1","0","0","1","0","0","0","1","0","0","0","0","0","0","0","0","1","0","0","0","1","0","0","0","0","0","0","0","0","0","0","0","0","0","0","0","0","0","1","0","0","0","0","0","0","0","0","1","1","1","0","0","1","0","0","0","0","0","0","0","0","0","0","0","0","0","0","0","0","0","0","0","0","0","0","1","0","1","1","0","0","0","0","0","0","0","0","0","0","0","0","0","0","0","0","0","0","0","0","0","1","1","0","1","0","0","0","0","0","0","0","0","0","0","0","0","0","0","0","0","0","0","1","1","0","0","0","0","0","0","0","0","0","0","0","0","0","0","0","0","0","0","0","0","0","0","0","0","0","1","0","0","0","0","0","0","0","0","0","0","0","0","0","0","0","0","0","0","0","0","0","0","0","0","0","0","0","0","0","0","0","0","0","0","0","0","0","0","0","0","0","0","0","0","0","0","0","0","0","0","0","1","0","0","0","0","1","0","0","0","0","1","0","0","1","0","0","0","0","0","0","1","0","0","0","0","0","0","0","0","0","0","0","0","0","0","0","0","0","0","0","0","0","0","0","0","0","0","1","0","0","0","1","0","0","0","1","1","0","0","1"
"2","0","0","0","0","0","0","0","0","0","0","0","0","0","0","0","1","0","0","0","0","0","0","0","0","0","0","0","0","0","0","0","0","0","0","0","0","0","0","0","0","0","0","0","0","0","0","0","0","0","0","0","0","0","0","0","0","1","1","1","0","0","0","0","0","0","0","0","0","0","0","0","0","0","0","0","0","0","0","0","0","0","0","0","0","0","1","1","0","0","1","1","1","0","0","1","1","0","0","1","0","0","0","0","0","0","0","0","0","0","0","0","0","0","0","0","0","0","0","0","0","0","0","0","0","0","0","0","0","0","0","0","1","0","1","0","1","0","1","1","1","0","0","1","1","0","1","0","0","1","1","0","0","1","1","0","1","1","0","0","1","1","0","0","0","0","0","0","0","1","0","0","1","1","0","0","0","0","0","0","0","0","0","0","0","0","0","0","0","0","0","0","0","0","0","0","0","0","0","0","1","0","0","0","0","0","0","0","0","0","0","0","0","0","0","0","0","0","0","0","0","0","0","0","0","0","0","0","0","0","0","0","0","0","0","0","0","1","0","1","1","1","0","0","0","1","1","1","1","0","1","0","0","0","1","0","0","1","0","0","0","0","0","0","0","0","0","0","0","0","0","0","0","0","0","0","0","0","0","0","0","0","0","0","0","0","0","0","0","0","0","0","0","0","0","0","0","0","0","0","1","0","1","0","0","0","0","0","0","0","0","0","0","0","0","0","0","0","0","0","0","0","0","0","0","0","0","0","0","0","0","0","1","1","0","1","0","0","0","0","0","0","0","0","0","0","1","0","0","0","0","0","0","0","0","0","0","0","0","0","0","0","0","0","0","0","0","0","0","0","0","0","0","0","0","0","0","0","0","0","0","0","0","0","0","0","0","0","0","0","0","0","0","0","0","0","0","0","0","0","0","0","1","0","0","0","0","0","0","0","0","0","0","0","0","0","0","0","0","0","0","0","0","0","0","0","0","0","0","0","0","0","0","0","0","1","0","0","0","0","0","0","0","0","0","1","0","0","1","1","1","0","0","0","0","0","0","0","1","1","1","1","0","0","0","0","0","0","0","0","0","0","0","0","0","1","0","0","0","0","0","1","0","1","1","0","0","0","0","0","0","0","0","0","0","0","0","0","0","0","0","0","0","0","1","0","1","1","0","0","0","0","0","0","0","0","0","0","0","0","0","0","0","0","0","0","0","0","0","1","1","0","1","0","0","0","0","0","0","0","0","0","0","1","0","1","1","0","1","0","0","0","0","1","0","0","0","0","0","0","0","0","0","0","0","0","0","0","0","0","0","0","0","0","0","0","0","0","0","0","0","0","0","0","0","0","0","0","0","0","0","0","0","0","0","0","0","0","0","0","0","0","0","0","0","1","0","0","0","0","1","0","1","0","1","0","0","0","0","0","0","0","0","0","0","0","0","0","0","0","1","0","0","0","0","1","0","0","0","0","1","0","0","1","0","0","0","0","0","0","0","0","0","0","0","0","0","0","0","0","0","0","0","0","0","0","0","0","0","0","0","0","0","0","0","0","0","1","0","0","0","1","0","0","0","0","1","0","0","1"
"3","0","0","1","1","0","0","1","0","0","0","0","0","0","0","0","0","0","1","0","0","0","0","0","0","0","0","0","0","0","0","0","0","0","0","0","0","0","0","0","0","0","0","0","0","0","0","0","0","0","0","0","0","0","0","0","0","1","1","1","0","0","0","0","0","0","0","0","0","0","0","0","0","0","0","0","0","0","0","0","0","0","0","0","0","0","1","0","0","0","0","0","0","0","0","0","0","0","0","0","0","0","0","0","0","0","0","1","0","1","0","0","0","0","0","0","0","0","0","0","0","0","0","0","0","1","1","0","0","0","1","0","0","0","0","0","0","0","0","0","0","0","0","0","0","0","0","0","0","0","0","0","0","0","0","0","0","0","0","0","0","0","0","0","0","0","0","0","0","0","0","1","0","0","0","0","0","0","0","0","0","0","0","0","0","0","0","0","0","0","0","0","0","0","0","0","0","0","0","0","1","0","0","0","0","0","0","0","0","0","0","0","0","0","0","0","0","0","0","0","0","0","0","0","0","0","0","0","0","0","1","0","0","0","1","1","0","0","0","0","0","0","0","0","1","0","0","0","0","0","0","0","0","0","0","0","0","0","0","0","0","0","0","0","0","0","0","0","0","0","0","0","0","0","0","0","0","0","0","0","0","0","0","0","0","0","0","0","0","0","0","0","0","0","0","0","0","0","0","0","0","0","0","0","0","0","0","0","0","0","0","0","0","0","0","0","0","0","0","0","0","0","0","0","0","0","0","0","0","0","0","0","0","1","0","1","0","0","0","0","0","0","0","0","0","0","0","0","0","0","0","0","0","0","0","0","0","0","0","0","0","0","0","0","0","0","0","0","0","0","0","0","0","0","0","0","0","0","0","0","0","0","0","0","0","0","0","0","0","0","0","0","0","0","0","0","0","0","0","0","0","0","0","0","0","0","0","0","0","0","0","0","0","0","0","0","0","0","0","0","0","0","0","0","0","0","0","0","0","0","0","0","0","0","0","0","1","0","0","0","0","0","0","0","0","0","0","0","0","0","0","0","0","0","0","0","0","0","0","0","0","0","0","0","0","0","0","0","0","0","0","0","0","0","0","0","0","0","0","0","0","0","0","0","0","0","0","0","0","0","0","0","0","0","0","0","0","0","0","1","1","0","0","0","0","0","0","0","0","0","0","0","0","0","0","0","0","0","0","0","0","0","0","0","0","0","0","0","0","1","1","0","1","0","0","0","0","0","0","0","0","0","0","1","1","1","1","0","1","0","0","0","0","1","0","0","0","0","0","0","0","0","0","0","0","0","0","0","0","0","0","0","0","0","0","0","0","0","0","0","0","0","0","1","0","0","1","1","0","1","0","0","1","1","1","0","0","1","0","0","0","1","0","0","0","0","0","0","0","0","0","0","0","0","0","0","0","0","0","0","0","0","0","0","0","0","0","0","0","0","0","1","1","0","0","0","0","0","0","0","0","0","0","0","0","0","0","0","0","0","0","0","1","0","0","1","1","1","1","0","1","1","1","1","1","1","0","0","0","0","0","0","0","0","0","0","0","1","0","0","0","1","0","0","0","0","1","0","0","1"
"4","0","0","0","0","0","0","0","0","0","0","0","0","0","0","0","1","0","0","0","0","0","0","0","0","0","0","0","0","0","0","0","0","0","0","0","0","0","0","0","0","0","0","0","0","0","0","0","0","0","0","0","0","0","0","0","0","1","1","1","0","0","0","0","0","0","0","0","0","0","0","0","0","0","0","0","0","0","0","0","0","0","0","0","0","0","1","1","0","0","1","1","1","0","0","1","1","0","0","1","0","0","0","0","0","0","1","1","0","0","1","0","0","0","0","0","0","0","0","0","0","0","0","0","0","1","1","0","0","0","1","0","1","0","1","0","1","0","1","1","1","0","0","1","1","0","1","0","0","1","1","0","0","1","1","0","1","1","0","0","1","1","0","0","0","0","0","0","0","0","0","1","0","0","0","0","0","0","0","0","1","1","0","0","0","0","0","0","0","0","0","0","0","0","0","0","0","0","0","0","0","0","0","0","0","0","0","0","0","0","0","0","0","0","0","0","0","0","0","0","0","0","0","0","0","0","0","0","0","0","0","0","0","0","0","0","0","0","0","0","0","0","0","0","1","0","0","0","0","0","0","0","0","0","0","0","0","0","0","0","0","0","0","0","0","0","0","0","1","0","0","0","0","0","0","0","0","0","0","0","0","0","0","0","0","0","0","0","0","0","0","0","1","0","0","0","0","0","0","0","1","1","1","0","0","0","0","0","0","0","0","0","0","0","0","0","0","0","0","0","0","0","0","0","0","0","0","0","0","1","1","1","0","0","1","1","0","0","0","0","0","0","0","0","0","0","1","0","0","0","0","0","0","0","0","0","0","0","0","0","0","0","0","0","0","0","0","0","0","0","0","0","0","0","0","0","0","0","0","0","0","0","0","0","0","0","0","0","0","0","0","0","0","0","0","0","0","0","0","0","0","0","0","0","0","0","0","0","0","0","0","0","0","0","0","0","0","0","0","0","0","0","0","0","0","0","0","0","0","0","0","0","0","0","0","1","0","0","0","0","0","0","0","0","0","0","0","0","0","0","0","0","0","0","0","0","0","0","0","0","0","0","0","0","0","0","0","0","0","0","0","0","0","0","0","0","0","0","0","0","0","0","0","0","0","0","0","0","0","0","0","0","0","0","0","0","0","0","0","0","0","0","0","0","1","0","1","1","0","0","0","0","0","0","0","0","0","0","0","0","0","0","0","0","0","0","0","0","0","1","1","0","1","0","0","0","0","0","0","1","0","1","1","1","1","1","1","0","1","0","0","0","0","1","0","0","0","0","0","0","0","0","0","0","0","0","0","0","0","0","0","0","0","0","0","0","0","0","0","0","0","0","0","0","0","0","0","0","0","0","0","0","0","0","0","0","0","0","0","0","0","0","1","0","1","0","0","0","0","0","0","0","0","0","0","0","0","0","0","0","0","0","0","0","0","0","0","0","0","0","0","1","1","0","0","0","0","0","0","0","0","0","0","0","0","0","0","0","0","0","0","0","0","0","0","0","0","0","0","0","0","0","0","0","0","0","0","0","0","0","0","0","0","0","0","0","0","1","0","0","0","1","0","0","0","0","1","0","0","1"
"5","0","0","0","0","0","0","0","0","0","0","0","0","0","0","0","1","0","0","0","0","0","0","0","0","1","0","0","0","0","0","0","0","0","0","0","0","0","0","0","0","0","0","0","0","0","0","0","0","0","0","0","0","0","0","1","1","0","0","0","1","0","0","0","0","0","0","0","0","0","0","0","0","0","0","0","0","0","0","0","0","0","0","0","0","0","0","0","0","0","0","0","0","0","0","0","0","0","0","0","0","0","0","0","0","0","0","0","0","1","0","0","0","0","0","0","0","0","0","0","0","0","0","0","0","0","0","0","0","0","0","0","0","0","0","0","0","0","0","0","0","0","0","0","0","0","0","0","0","0","0","0","0","0","0","0","0","0","0","0","0","0","0","0","0","0","0","0","0","0","0","1","0","0","0","0","0","0","0","0","0","0","0","0","0","0","0","0","0","0","0","0","0","0","0","0","0","0","0","0","0","1","0","0","0","1","0","0","0","1","0","0","0","0","0","0","0","0","0","0","0","0","0","0","0","1","0","0","0","0","0","0","0","0","0","0","0","0","0","0","0","0","1","0","0","0","0","1","0","0","0","0","0","0","0","0","0","0","0","0","0","0","0","0","0","0","0","0","1","0","0","0","0","0","0","0","0","0","0","0","0","0","0","0","0","0","0","0","0","0","0","0","0","0","0","0","0","0","0","0","0","0","0","0","0","0","0","0","1","1","0","0","0","0","0","0","1","0","0","0","0","0","0","0","0","0","0","0","0","0","0","0","0","1","0","0","0","0","0","0","0","0","0","0","0","0","0","0","0","0","0","0","0","0","0","0","0","0","0","0","0","0","0","0","0","0","0","0","0","0","0","0","0","0","0","0","0","0","0","0","0","0","0","0","0","0","0","0","0","0","0","0","0","0","0","0","0","0","0","0","0","0","1","0","0","0","0","0","0","0","0","0","0","0","0","0","0","0","0","0","0","0","0","0","0","0","0","0","0","0","0","0","0","0","0","0","1","0","0","0","0","0","0","0","0","0","0","0","0","0","0","0","0","0","0","0","0","0","0","0","0","0","0","0","0","0","0","0","0","0","0","0","0","0","0","0","0","0","0","0","0","0","0","0","0","0","0","0","0","0","0","0","0","0","0","0","0","0","0","0","0","1","0","1","0","0","0","0","0","0","0","0","0","0","0","0","0","0","0","0","0","0","0","0","0","0","0","0","0","0","0","1","0","1","0","0","0","0","0","0","0","0","0","0","0","0","0","0","0","0","0","1","1","0","0","0","0","0","0","0","0","0","0","1","0","1","0","0","0","0","0","0","0","0","0","0","0","0","0","0","0","0","0","1","0","0","1","1","0","1","0","0","1","1","1","0","0","1","0","0","0","1","0","0","0","0","0","0","0","0","0","0","0","0","0","0","0","0","0","0","0","0","0","0","0","0","0","0","0","0","0","1","1","0","0","0","0","0","0","0","0","1","0","0","0","0","0","0","0","0","1","0","1","0","0","1","1","1","1","0","1","1","1","1","1","1","1","1","1","1","0","0","0","0","0","0","0","0","0","1","0","0","1","0","0","0","0","0","0","0"
"6","0","0","0","0","0","0","0","0","0","0","0","0","0","0","0","1","0","0","0","0","0","0","0","0","1","0","0","0","0","0","0","0","0","0","0","0","0","0","0","0","0","0","0","0","0","0","0","0","0","0","0","1","0","0","1","1","0","0","0","1","0","0","0","0","0","0","0","0","0","0","0","0","0","0","0","0","0","0","0","1","0","0","0","0","0","0","0","0","0","0","0","0","0","0","0","0","0","0","0","0","0","0","0","0","0","0","0","0","1","0","0","0","0","0","0","0","0","0","0","0","0","0","0","0","1","1","0","0","0","1","0","0","0","0","0","0","0","0","0","0","0","0","0","0","0","0","0","0","0","0","0","0","0","0","0","0","0","0","0","0","0","0","0","0","0","0","0","0","1","0","0","1","1","0","0","0","0","0","0","0","0","0","0","0","0","0","0","0","0","0","0","0","0","0","0","0","0","0","0","0","0","0","0","0","1","0","0","0","0","0","0","0","0","0","0","0","0","0","0","0","0","0","0","0","0","0","0","0","0","0","0","0","0","0","0","0","0","0","0","0","0","0","0","1","0","0","0","0","0","0","0","0","0","0","0","0","0","0","0","0","0","0","0","0","0","0","0","1","0","0","0","0","0","0","0","0","0","0","0","0","0","0","0","0","0","0","0","0","0","0","0","0","0","0","0","0","0","0","0","1","1","1","0","0","0","0","0","1","1","0","0","0","0","0","0","1","0","0","0","0","0","0","0","0","0","0","0","0","1","1","1","0","0","1","0","0","0","0","0","1","0","0","0","0","0","0","0","0","0","0","0","1","1","0","0","0","0","0","0","0","0","0","0","0","0","0","0","0","0","0","0","0","0","0","0","0","0","0","0","0","0","0","0","0","0","0","0","0","0","0","0","0","0","0","0","0","0","0","0","0","0","0","0","0","0","0","0","0","0","0","0","0","0","0","0","0","0","0","0","0","0","0","0","0","0","0","0","0","0","0","0","0","0","0","0","1","0","0","0","0","0","0","0","0","1","0","0","0","1","0","0","0","0","0","0","0","0","0","0","0","0","0","0","0","0","0","1","0","0","0","0","0","0","0","0","1","1","1","0","0","1","0","0","0","0","0","0","0","0","0","0","0","0","0","0","0","0","0","0","0","1","0","1","0","0","0","0","0","0","0","0","0","0","0","0","0","0","0","0","0","0","0","0","0","0","0","0","0","0","0","1","0","1","0","0","0","0","0","0","0","0","0","0","0","0","0","0","0","0","0","1","1","0","0","0","0","0","0","0","0","0","0","0","0","0","0","0","0","0","0","0","0","0","0","0","0","0","0","0","0","0","0","0","0","0","0","0","0","0","0","0","0","0","0","0","0","0","0","0","0","0","1","0","1","0","0","0","0","0","0","0","0","0","0","0","0","0","0","0","0","0","0","0","0","0","0","1","1","0","1","0","0","0","0","0","0","0","1","0","0","0","0","0","1","0","0","0","0","0","0","0","0","0","0","0","0","0","0","0","0","0","0","0","0","0","0","0","0","0","0","0","0","0","0","0","0","0","0","1","0","0","1","0","0","0","0","0","0","0"
"7","1","1","0","0","1","0","0","1","1","1","1","1","1","0","1","0","1","1","1","1","1","0","0","0","1","0","0","0","0","0","0","0","0","0","0","0","0","0","0","0","0","0","0","0","0","0","0","0","0","0","0","0","0","0","1","1","0","0","0","1","0","0","0","0","0","0","0","0","0","0","0","0","0","0","0","0","0","0","0","0","0","0","0","0","0","0","1","0","0","1","1","1","0","0","1","1","0","0","1","0","1","1","0","0","0","0","0","0","0","1","0","0","0","0","0","0","0","0","0","0","0","0","0","0","1","1","0","0","0","1","0","0","0","0","0","0","0","0","0","0","0","0","0","0","0","0","0","0","0","0","1","0","0","0","0","0","0","0","0","0","0","0","0","0","0","0","0","0","1","0","0","1","1","0","0","0","0","0","0","0","0","0","0","0","0","0","0","0","0","0","0","0","0","0","1","0","0","0","0","0","0","0","0","0","0","1","0","0","0","0","0","0","0","0","0","0","0","0","0","0","0","0","0","0","0","0","0","0","0","0","0","0","0","0","0","0","1","0","1","1","1","0","0","0","1","1","1","1","0","1","0","0","0","1","0","0","1","0","0","0","0","0","0","0","0","0","0","0","0","0","0","0","0","0","0","0","0","0","0","0","0","0","0","0","0","0","0","0","0","0","0","0","0","0","0","0","0","0","0","0","0","0","0","0","0","0","0","0","0","0","0","0","0","0","0","0","1","0","1","1","1","1","1","1","0","0","0","0","1","1","1","0","0","1","0","0","0","0","0","0","0","0","0","0","0","1","0","0","0","0","0","1","1","0","0","0","1","0","1","0","0","0","1","0","0","0","0","1","0","0","0","1","0","0","0","0","0","0","0","0","0","0","0","0","0","1","0","0","0","0","0","0","0","0","0","0","0","0","0","0","0","0","0","0","0","0","0","0","0","0","0","0","0","0","0","1","1","0","0","0","1","0","0","0","0","1","1","0","1","0","0","0","0","0","1","0","0","0","0","0","0","0","0","0","1","0","0","0","1","0","0","0","0","0","0","0","0","0","0","0","0","0","0","0","0","0","1","0","0","0","0","0","0","0","0","1","1","1","0","0","1","0","0","0","0","0","0","0","0","0","0","0","0","0","0","0","0","0","1","1","0","0","0","0","0","0","0","0","0","0","0","0","0","0","0","0","0","0","0","0","0","0","0","0","0","0","0","0","0","0","1","0","1","0","0","0","0","0","1","0","1","1","1","1","0","0","0","0","0","1","0","0","0","0","0","0","0","0","1","1","0","0","0","1","0","0","0","1","1","0","1","1","0","0","0","0","0","1","0","0","0","0","1","0","0","1","1","0","1","0","0","1","1","1","0","0","1","0","0","0","1","0","0","0","1","0","0","0","0","1","0","1","0","0","0","0","0","0","0","0","0","0","0","0","0","0","1","1","0","1","0","0","0","0","0","0","0","1","0","0","0","0","0","1","0","0","0","0","0","0","1","0","0","0","0","0","0","0","0","0","0","0","0","0","0","0","0","0","0","0","0","0","0","0","0","0","0","0","1","0","0","1","0","0","0","0","0","0","0"
"8","0","0","1","0","0","0","1","0","0","0","0","0","0","0","0","0","0","1","0","0","0","0","0","0","0","0","0","0","0","0","0","0","0","0","0","0","0","0","0","0","0","0","0","0","0","0","0","0","0","0","0","0","0","0","0","0","1","1","1","1","0","0","0","0","0","0","0","0","0","0","0","0","0","0","0","0","0","0","0","0","0","0","0","0","0","0","0","0","0","0","0","0","0","0","0","0","0","0","0","0","0","0","0","0","0","0","0","0","0","0","0","0","0","0","0","0","0","0","0","0","0","0","0","0","0","0","0","0","0","0","0","1","0","1","0","1","0","1","1","1","0","0","1","1","0","1","0","0","1","1","0","0","1","1","0","1","1","0","0","1","1","0","0","0","0","0","0","0","0","0","0","0","0","0","0","0","0","0","0","0","0","0","0","0","0","0","0","0","0","0","0","0","0","0","0","0","0","0","0","0","0","0","0","0","0","0","0","0","0","0","0","0","0","0","0","0","0","0","0","0","0","0","0","0","0","0","0","0","0","0","0","0","0","0","0","0","1","0","1","1","1","0","0","0","1","1","1","1","0","1","0","0","0","1","0","0","1","0","0","0","0","0","0","0","0","0","0","0","0","0","0","0","0","0","0","0","0","0","0","0","0","0","0","0","0","0","0","0","0","0","0","1","0","0","0","0","0","0","0","1","1","1","0","0","0","0","0","0","0","0","0","0","0","0","0","0","0","0","0","0","0","0","0","0","0","0","0","0","0","0","0","0","1","0","0","0","0","0","0","0","0","0","0","0","0","1","0","0","0","0","0","0","0","0","0","0","0","0","0","0","0","0","0","0","0","0","0","0","0","0","0","0","0","1","0","1","1","0","1","1","1","0","1","1","1","0","0","0","0","0","0","0","0","0","0","0","0","0","0","0","0","1","0","0","0","0","0","0","0","0","0","0","0","0","0","0","0","0","0","0","0","0","0","0","0","0","0","0","0","0","0","0","0","0","1","0","0","0","0","0","0","0","0","0","0","0","0","0","0","0","0","0","0","0","0","0","0","0","0","0","0","0","0","0","0","0","0","0","0","0","0","0","0","0","0","0","0","0","0","0","0","0","0","0","0","0","0","0","0","0","0","0","0","0","0","0","0","0","1","1","0","0","0","0","0","0","0","0","1","0","0","0","0","0","0","0","0","0","0","0","0","0","0","0","0","0","0","0","0","0","1","0","1","0","0","0","0","0","0","0","0","0","1","1","1","1","0","1","0","0","0","0","1","0","0","0","0","0","0","0","0","0","1","0","1","0","0","0","0","0","0","0","0","0","0","0","0","1","0","0","0","0","0","0","0","0","0","0","0","0","0","0","0","0","0","0","0","0","0","0","0","0","0","0","0","0","0","0","0","0","0","0","0","0","0","0","0","0","0","0","0","0","0","0","0","0","0","0","0","0","1","1","0","0","0","0","0","0","0","0","0","0","0","0","0","0","0","0","0","0","0","1","0","0","1","1","1","1","0","1","1","1","1","1","1","0","0","0","0","0","0","1","1","0","0","1","1","0","0","0","1","0","0","0","0","1","0","0","1"
"9","0","0","1","0","0","0","1","0","0","0","0","0","0","0","0","0","0","1","0","0","0","0","0","0","0","0","0","0","0","0","0","0","0","0","0","0","0","0","0","0","0","0","0","0","0","0","0","0","0","0","0","0","0","0","1","1","0","0","0","0","0","0","0","0","0","0","0","0","0","0","0","0","0","0","0","0","0","0","0","0","1","0","0","0","0","0","0","0","0","0","0","0","0","0","0","0","0","1","0","0","0","0","0","0","0","0","0","0","1","0","0","0","0","0","0","0","0","0","0","0","0","0","0","0","0","0","0","0","0","0","0","0","0","0","0","0","0","0","0","0","0","0","0","0","0","0","0","0","0","1","0","0","0","0","0","0","0","0","0","0","1","0","0","0","0","0","0","0","0","0","0","0","0","0","0","0","0","0","0","1","0","0","0","0","0","0","0","0","0","0","0","0","0","0","0","0","0","0","0","0","0","0","0","0","0","0","0","0","0","0","0","0","0","0","0","0","0","0","0","0","0","0","0","0","0","0","1","1","0","1","0","0","0","1","1","0","0","0","0","0","0","0","0","1","0","0","0","0","0","0","0","0","0","0","0","0","0","0","1","0","0","0","0","0","0","0","0","0","0","0","0","0","0","0","0","0","0","0","0","0","0","0","0","0","0","0","0","0","0","0","0","0","0","0","0","0","0","0","0","0","0","0","1","0","0","0","0","0","0","0","0","0","0","0","0","0","0","0","0","0","0","0","0","0","0","0","0","0","1","1","1","0","0","1","0","0","0","0","0","1","0","0","0","0","0","0","0","0","0","0","0","0","0","0","0","0","0","0","0","0","0","0","0","0","0","0","0","0","0","0","0","0","0","0","0","0","0","0","0","0","0","0","0","0","0","0","0","0","0","0","0","0","0","0","0","0","0","0","0","0","0","0","0","0","0","0","0","0","0","0","0","0","0","0","0","0","0","0","0","0","0","0","0","0","0","0","0","0","0","0","0","0","0","1","1","0","0","0","0","0","0","0","0","0","0","0","0","0","0","0","0","0","0","0","0","0","0","0","0","0","0","0","0","0","0","0","0","0","0","0","0","0","0","0","0","0","0","0","0","0","0","0","0","0","0","0","0","0","0","0","0","0","0","0","0","0","0","0","0","0","0","0","0","1","0","1","1","0","0","1","0","1","1","0","1","1","1","0","0","0","0","0","0","0","0","0","0","0","1","1","0","1","0","0","0","0","0","0","1","0","1","1","0","0","0","0","0","0","0","0","1","1","0","0","0","0","0","0","0","0","0","0","1","0","1","0","0","0","0","0","0","0","0","0","0","0","0","0","0","0","0","0","0","0","0","0","0","0","0","0","0","0","0","0","0","0","0","0","0","0","0","0","1","0","0","0","0","0","0","0","0","0","0","0","0","0","0","0","0","0","0","0","0","0","0","0","1","1","0","1","0","0","0","0","0","0","0","1","0","0","0","0","0","1","0","0","0","0","0","0","1","0","0","0","0","0","0","0","0","0","0","0","0","0","0","0","0","0","0","0","0","0","0","0","0","0","0","0","1","0","0","1","0","0","0","0","0","0","0"
"10","0","0","0","0","0","0","0","0","0","0","0","0","0","0","0","1","0","0","0","0","0","0","0","0","1","0","0","0","0","0","0","0","0","0","0","0","0","0","0","0","0","0","0","0","0","0","0","0","0","0","0","0","0","0","1","1","0","0","0","1","0","0","0","0","0","0","0","0","0","0","0","0","0","0","0","0","0","0","0","0","0","0","0","0","0","0","0","0","0","0","0","0","0","0","0","0","0","0","0","0","0","0","0","0","0","0","0","0","1","0","0","0","0","0","0","0","0","0","0","0","0","0","0","0","0","0","0","0","0","0","0","0","0","0","0","0","0","0","0","0","0","0","0","0","0","0","0","0","0","0","0","0","0","0","0","0","0","0","0","0","0","0","0","0","0","0","0","0","0","0","1","0","0","0","0","0","0","0","0","0","0","0","0","0","0","0","0","0","0","0","0","0","0","0","0","0","0","0","0","0","1","0","0","0","1","0","0","0","1","0","0","0","0","0","0","0","0","0","0","0","0","0","0","0","1","0","0","0","0","0","0","0","0","0","0","0","0","0","0","0","0","1","0","0","0","0","1","0","0","0","0","0","0","0","0","0","0","0","0","0","0","0","0","0","0","0","0","1","0","0","0","0","0","0","0","0","0","0","0","0","0","0","0","0","0","0","0","0","0","0","0","0","0","0","0","0","0","0","0","0","0","0","0","0","0","0","0","1","1","0","0","0","0","0","0","1","0","0","0","0","0","0","0","0","0","0","0","0","0","0","0","0","1","0","0","0","0","0","0","0","0","0","0","0","0","0","0","0","0","0","0","0","0","0","0","0","0","0","0","0","0","0","0","0","0","0","0","0","0","0","0","0","0","0","0","0","0","0","0","0","0","0","0","0","0","0","0","0","0","0","0","0","0","0","0","0","0","0","0","0","0","1","0","0","0","0","0","0","0","0","0","0","0","0","0","0","0","0","0","0","0","0","0","0","0","0","0","0","0","0","0","0","0","0","0","1","0","0","0","0","0","0","0","0","0","0","0","0","0","0","0","0","0","0","0","0","0","0","0","0","0","0","0","0","0","0","0","0","0","0","0","0","0","0","0","0","0","0","0","0","0","0","0","0","0","0","0","0","0","0","0","0","0","0","0","0","0","0","0","0","1","0","1","0","0","0","0","0","0","0","0","0","0","0","0","0","0","0","0","0","0","0","0","0","0","0","0","0","0","0","1","0","1","0","0","0","0","0","0","0","0","0","0","0","0","0","0","0","0","0","1","1","0","0","0","0","0","0","0","0","0","0","1","0","1","0","0","0","0","0","0","0","0","0","0","0","0","0","0","0","0","0","1","0","0","1","1","0","1","0","0","1","1","1","0","0","1","0","0","0","1","0","0","0","0","0","0","0","0","0","0","0","0","0","0","0","0","0","0","0","0","0","0","0","0","0","0","0","0","0","1","1","0","0","0","0","0","0","0","0","1","0","0","0","0","0","0","0","0","1","0","1","0","0","1","1","1","1","0","1","1","1","1","1","1","1","1","1","1","0","0","0","0","0","0","0","0","0","1","0","0","1","0","0","0","0","0","0","0"
