chr,bp38,rs,observed,dbsnp142annot,requested,"129X1/SvJ","AKR/J","BALB/cByJ","C3H/HeJ","C57BL/6J","DBA/1LacJ","NZB/BlNJ","PL/J","SWR/J","C57BL/6ByJ",
12,112658690,"rs33445690","A/G","I:Akt1","Akt1",G,G,G,G,G,G,G,G,A,G,
12,112661568,"rs33448803","A/G","I:Akt1","Akt1",A,G,A,G,A,A,G,G,G,A,
12,112665511,"rs29205821","C/T","I:Akt1","Akt1",T,C,T,C,T,T,C,C,C,T,
15,3319911,"rs8279144","A/G","Cn:Ghr::595 Cn:Ghr:IS:595 I:LOC105245870","Ghr",A,A,A,A,A,A,A,A,A,A,
15,3320589,"rs46448275","C/T","Cn:Ghr:EG:369 I:LOC105245870","Ghr",T,T,T,T,T,T,T,T,T,T,
15,3326143,"rs50754043","C/T","I:Ghr I:LOC105245870","Ghr",C,C,C,C,C,C,C,C,C,C,
15,3331446,"rs51246359","C/T","I:Ghr I:LOC105245870","Ghr",C,C,C,C,C,C,C,C,C,C,
15,3331717,"rs50677018","A/G","I:Ghr I:LOC105245870","Ghr",G,G,G,G,G,G,G,G,G,G,
15,3342748,"rs48115117","A/T","I:Ghr I:LOC105245870","Ghr",T,T,T,T,T,T,T,T,T,T,
15,3349930,"rs50780692","A/G","I:Ghr I:LOC105245870","Ghr",A,A,A,A,A,A,A,A,A,A,
15,3350642,"rs47363032","C/T","I:Ghr I:LOC105245870","Ghr",C,C,C,C,C,C,C,C,C,C,
15,3365013,"rs32530006","A/G","I:Ghr I:LOC105245870","Ghr",G,G,A,A,A,G,G,A,A,A,
15,3374769,"rs46621020","C/T","I:Ghr I:LOC105245870","Ghr",C,C,C,C,C,C,C,C,C,C,
15,3388096,"rs49190061","C/T","I:Ghr","Ghr",T,T,T,T,T,T,T,T,T,T,
15,3388667,"rs49468944","A/G","Cs:Ghr:I:39","Ghr",G,A,G,G,G,G,G,G,G,G,
15,3389348,"rs32023583","A/C","I:Ghr","Ghr",C,C,A,A,A,C,C,A,A,A,
15,3397250,"rs47024366","C/T","I:Ghr","Ghr",C,T,C,C,C,C,C,C,C,C,
15,3413867,"rs49999622","A/G","I:Ghr","Ghr",G,G,G,G,G,G,G,G,G,G,
15,3425667,"rs48140175","A/G","I:Ghr","Ghr",A,A,A,A,A,A,A,A,A,A,
15,3429247,"rs48007491","C/T","I:Ghr","Ghr",C,C,C,C,C,C,C,C,C,C,
15,3453497,"rs45651446","A/G","I:Ghr","Ghr",A,A,A,A,A,A,A,A,A,A,
15,3458187,"rs50098497","C/T","I:Ghr","Ghr",C,C,C,C,C,C,C,C,C,C,
15,3460611,"rs47293367","A/C","I:Ghr","Ghr",C,C,C,C,C,C,C,C,C,C,
15,3461911,"rs46607947","A/G","I:Ghr","Ghr",G,G,G,G,G,G,G,G,G,G,
15,3462060,"rs48208474","A/G","I:Ghr","Ghr",A,G,A,A,A,A,A,A,A,A,
15,3466656,"rs49706173","C/T","I:Ghr","Ghr",T,H,T,T,T,T,T,T,T,T,
15,3468397,"rs47196138","C/T","I:Ghr","Ghr",T,C,T,T,T,T,T,T,T,T,
15,3469058,"rs46397796","C/T","I:Ghr","Ghr",C,T,C,C,C,C,C,C,C,C,
15,3469835,"rs50959202","A/C","I:Ghr","Ghr",A,C,A,A,A,A,A,A,A,A,
15,3473177,"rs47690194","A/T","I:Ghr","Ghr",A,A,A,A,A,A,A,A,A,A,
15,3506229,"rs6255638","C/T","I:Ghr","Ghr",C,C,C,C,C,C,C,C,C,C,
15,3506390,"rs6256723","A/C","I:Ghr","Ghr",C,C,C,C,C,C,C,C,C,C,
15,3514502,"rs6289466","A/T","I:Ghr","Ghr",A,A,A,A,A,A,A,A,A,A,
15,3514556,"rs6289937","A/G/T","I:Ghr","Ghr",A,A,A,A,A,A,A,A,A,A,
15,3531273,"rs32192585","C/T","I:Ghr","Ghr",T,C,C,C,C,T,T,C,C,C,
15,3536586,"rs32644447","A/T","I:Ghr","Ghr",A,A,A,A,A,A,A,A,A,A,
15,3537029,"rs6216940","C/T","I:Ghr","Ghr",T,T,T,T,T,T,T,T,T,T,
15,3543386,"rs32643737","A/G","I:Ghr","Ghr",A,A,A,A,A,A,A,A,A,A,
15,3544411,"rs32642913","A/C","I:Ghr","Ghr",A,A,A,A,A,A,A,A,A,A,
15,3547089,"rs32642906","A/G","I:Ghr","Ghr",A,A,A,A,A,A,A,A,A,A,
15,3559446,"rs32646600","A/G","I:Ghr","Ghr",A,A,A,A,A,A,A,A,A,A,
15,3568726,"rs32642739","G/T","I:Ghr","Ghr",T,T,T,T,T,T,T,T,T,T,
15,3569085,"rs32642736","C/G/T","I:Ghr","Ghr",C,G,C,C,C,C,C,C,C,C,
15,3569753,"rs32641871","C/T","I:Ghr","Ghr",T,C,C,C,C,T,T,C,C,C,
15,3569912,"rs32641869","A/G","I:Ghr","Ghr",A,G,G,G,G,A,A,G,G,G,
15,3570104,"rs32641868","C/G","I:Ghr","Ghr",G,C,C,C,C,G,G,C,C,C,
15,3572190,"rs32641081","A/G","I:Ghr","Ghr",G,G,G,G,G,G,G,G,G,G,
15,3572369,"rs32641080","C/T","I:Ghr","Ghr",T,T,T,T,T,T,T,T,T,T,
15,3572979,"rs32521639","C/T","I:Ghr","Ghr",C,C,T,T,T,C,C,T,T,T,
15,3578208,"rs32645644","A/C","I:Ghr","Ghr",C,C,C,C,C,C,C,C,C,C,
15,3579064,"rs32644919","C/T","I:Ghr","Ghr",C,T,C,C,C,C,C,C,C,C,
15,3580446,"rs32644914","C/T","I:Ghr","Ghr",C,T,C,C,C,C,C,C,C,C,
15,3581501,"rs32644144","C/T","I:Ghr","Ghr",C,C,C,C,C,C,C,C,C,C,
1,60910988,,,"","Ctla4",T,C,C,T,T,T,C,C,C,T,
1,60911686,,,"","Ctla4",G,G,G,G,G,G,A,G,A,G,
2,11647389,"rs27102927","A/C","I:Il2ra","Il2ra",C,C,C,C,C,C,C,C,C,C,
2,11650546,"rs27102913","A/G","I:Il2ra","Il2ra",G,G,G,G,G,G,G,G,G,G,
2,11671364,"rs45898583","A/G","I:Il2ra","Il2ra",A,A,A,A,A,A,A,A,A,A,
2,11671453,"rs48996221","A/T","I:Il2ra","Il2ra",A,A,A,A,A,A,A,A,A,A,
2,11675474,"rs27102842","C/T","I:Il2ra","Il2ra",C,C,C,C,C,C,C,C,C,C,
2,11677017,"rs27102832","C/T","I:Il2ra","Il2ra",C,C,C,C,C,C,C,C,C,C,
2,11679700,"rs108839603","A/G","I:Il2ra","Il2ra",G,G,G,G,G,G,G,G,G,G,
2,11680717,"rs6249909","A/G","I:Il2ra","Il2ra",G,G,G,G,G,G,G,G,G,G,
2,11681125,"rs6251919","C/G","I:Il2ra","Il2ra",G,G,G,G,G,G,G,G,G,G,
2,11681892,"rs27102791","A/G","I:Il2ra","Il2ra",A,A,A,A,A,A,A,A,A,A,
2,11682015,"rs27102788","C/T","I:Il2ra","Il2ra",C,C,C,C,C,C,C,C,C,C,
2,11687131,"rs27102775","C/T","I:Il2ra I:LOC105244083","Il2ra",T,T,T,T,T,T,T,T,T,T,
2,11687207,"rs27102773","A/G","I:Il2ra I:LOC105244083","Il2ra",G,G,G,G,G,G,G,G,G,G,
3,103861467,"rs33557753","A/G","","Ptpn22",A,A,G,A,A,A,G,G,A,A,
3,103861924,"rs33558586","C/T","","Ptpn22",C,C,T,C,C,C,T,T,C,C,
3,103875759,"rs6384342","A/G","","Ptpn22",G,G,G,G,A,A,G,G,G,A,
3,103877134,"rs33558620","A/G","","Ptpn22",A,A,A,A,A,A,A,A,A,A,
3,103879530,"rs33562214","G/T","","Ptpn22",T,T,T,T,G,G,T,T,T,G,
3,103899740,"rs30848500","C/G","","Ptpn22",C,C,G,C,G,G,G,G,C,G,
3,103903390,"rs33559076","A/C","","Ptpn22",C,C,C,C,C,C,C,C,C,C,
3,103907300,"rs31000400","C/T","","Ptpn22",C,C,T,C,T,T,T,T,C,T,
3,103907613,"rs30946489","A/T","","Ptpn22",A,A,T,A,T,T,T,T,A,T,
X,141722670,"rs8255329","A/G","Cs:Irs4:K:843","Irs4",T,T,T,T,T,T,T,T,T,T,
1,92942545,"rs8277066","A/G","Cn:Capn10:QR:251 I:9430060I03Rik","Capn10",A,A,A,A,A,A,A,G,A,A,
5,77352216,"rs51663799","A/T","I:Igfbp7","Igfbp7",T,T,T,T,T,T,T,T,A,T,
5,77365052,"rs33400643","A/G","I:Igfbp7","Igfbp7",G,G,G,G,G,G,G,G,G,G,
5,77370724,"rs36526569","C/T","I:Igfbp7","Igfbp7",T,T,T,T,T,T,T,T,C,T,
5,77372232,"rs37101175","C/T","I:Igfbp7","Igfbp7",C,C,C,C,C,C,C,C,T,C,
5,77372519,"rs36801176","A/G","I:Igfbp7","Igfbp7",G,G,G,G,G,G,G,G,G,G,
5,77389342,"rs37659284","C/T","I:Igfbp7 I:Gm34648","Igfbp7",C,C,C,C,C,C,C,C,T,C,
5,77393566,"rs37613275","A/G","I:Igfbp7 NC:Gm34648","Igfbp7",A,A,A,A,A,A,A,A,G,A,
5,77397389,"rs36729730","C/T","I:Igfbp7 NC:Gm34648","Igfbp7",C,C,C,C,C,C,C,C,T,C,
6,17311037,"rs33537266","A/T","I:Cav1 I:Gm15581","Cav1",T,T,T,T,T,T,T,T,T,T,
6,17315626,"rs33542168","C/T","I:Cav1 I:Gm15581","Cav1",T,T,T,T,T,T,T,T,T,T,
6,17316225,"rs33543866","C/T","I:Cav1 I:Gm15581","Cav1",C,C,C,C,C,C,C,C,C,C,
6,17319039,"rs33544079","A/G","I:Cav1 I:Gm15581","Cav1",A,A,A,A,A,A,A,A,A,A,
6,17321063,"rs33547758","A/G","I:Cav1 I:Gm15581","Cav1",A,A,A,A,A,A,A,A,A,A,
6,17322455,"rs33542314","A/G","I:Cav1 I:Gm15581","Cav1",A,A,A,A,A,A,A,A,A,A,
2,92386476,"rs27384790","A/G","I:Mapk8ip1","Mapk8ip1",G,G,G,G,G,G,G,G,G,G,
2,92392499,"rs27384770","G/T","U5:Mapk8ip1 I:Mapk8ip1","Mapk8ip1",G,G,G,G,G,G,G,G,G,G,
2,92394307,"rs27369161","A/G","I:Mapk8ip1","Mapk8ip1",G,G,G,G,G,G,G,G,G,G,
2,92399529,"rs32823524","A/G","I:Mapk8ip1","Mapk8ip1",G,G,G,G,G,G,G,G,G,G,
14,26921610,"rs30789410","C/T","U3:Appl1","Appl1",T,T,T,T,T,T,T,T,T,T,
14,26926903,"rs30786899","C/T","I:Appl1","Appl1",T,T,T,T,C,C,C,C,T,C,
14,26929010,"rs30288651","G/T","I:Appl1","Appl1",T,T,T,T,G,G,G,G,T,G,
14,26942860,"rs30543668","A/T","I:Appl1","Appl1",A,A,A,A,T,T,T,T,A,T,
14,26942919,"rs30144591","A/G","I:Appl1","Appl1",G,G,G,G,A,A,A,A,G,A,
14,26949636,"rs30120538","A/G","I:Appl1","Appl1",A,A,A,A,G,G,G,G,A,G,
14,26967362,"rs30783692","C/T","I:Appl1 NC:LOC105245706","Appl1",C,C,C,C,C,C,C,C,C,C,
5,90463735,"rs31700383","A/G","I:Alb","Alb",A,A,A,A,A,A,A,A,A,A,
5,90464433,"rs31700936","C/T","I:Alb","Alb",C,C,C,C,C,C,C,C,C,C,
5,90464572,"rs31700937","A/T","I:Alb","Alb",T,T,T,T,T,T,T,T,T,T,
5,90465121,"rs31700941","C/T","I:Alb","Alb",T,T,T,T,T,T,T,T,T,T,
3,87800693,"rs30056375","C/T","Cs:Insrr:L:147","Insrr",T,T,T,C,T,T,C,T,C,T,
3,87807282,"rs37929278","C/G","I:Insrr","Insrr",G,G,G,G,G,G,G,G,G,G,
3,87811615,"rs30308113","A/G","Cs:Insrr:E:959","Insrr",G,G,G,A,G,G,A,G,A,G,
3,87815718,"rs30758024","C/T","U3:Insrr","Insrr",T,T,T,C,T,T,C,T,C,T,
4,101718087,"rs28168518","A/G","I:Lepr","Lepr",A,G,G,G,A,A,G,G,A,A,
4,101720258,"rs32490226","C/T","I:Lepr","Lepr",C,C,T,T,C,C,T,T,C,C,
4,101739940,"rs28168501","A/G","I:Lepr","Lepr",A,G,G,G,A,A,A,G,A,A,
4,101742463,"rs28168489","C/T","I:Lepr","Lepr",C,T,T,T,C,C,C,T,C,C,
4,101742875,"rs28168483","C/T","I:Lepr","Lepr",C,C,C,C,C,C,C,C,C,C,
4,101745610,"rs28168475","A/G","Cs:Lepr:P:198","Lepr",G,A,A,A,G,G,G,A,G,G,
4,101745634,"rs28168474","C/T","Cs:Lepr:Y:206","Lepr",C,C,C,C,C,C,C,C,C,C,
4,101747606,"rs28168456","C/T","I:Lepr","Lepr",T,T,T,T,T,T,C,T,T,T,
4,101763726,"rs28168386","A/G","I:Lepr","Lepr",G,A,A,A,G,G,A,A,G,G,
4,101764535,"rs28168380","C/T","I:Lepr","Lepr",T,C,C,C,T,T,C,C,T,T,
4,101764794,"rs28168377","C/T","I:Lepr","Lepr",C,T,T,T,C,C,C,T,C,C,
4,101766116,"rs28168373","A/T","I:Lepr","Lepr",T,T,T,T,T,T,T,T,T,T,
4,101772887,"rs28224801","A/G","Cn:Lepr:DN:600","Lepr",G,G,G,G,G,G,G,G,G,G,
4,101782773,"rs28224791","A/G","I:Lepr","Lepr",G,G,G,G,G,G,G,G,G,G,
4,101793453,"rs28210657","A/G","I:Lepr","Lepr",G,G,G,G,G,G,G,G,G,G,
4,101806990,"rs28210634","C/T","I:Lepr","Lepr",C,C,C,C,C,C,C,C,C,C,
4,101810009,"rs28210622","C/G","I:Lepr","Lepr",C,C,C,C,C,C,G,C,C,C,
4,101810380,"rs51973795","A/G","I:Lepr","Lepr",G,G,G,G,G,G,A,G,G,G,
11,105978724,"rs27038618","A/G","I:Ace I:Gm11651","Ace",G,G,G,G,G,G,G,G,G,G,
11,105986892,"rs27038586","A/G","I:Ace","Ace",A,A,A,A,A,A,A,A,A,A,
17,27559012,"rs3659325","C/T","","Hmga1",C,C,C,C,T,C,C,T,T,T,
17,27559180,"rs33792378","C/T","","Hmga1",T,T,T,T,T,T,C,T,T,T,
17,27559388,"rs3661707","A/T","","Hmga1",T,T,T,T,A,T,T,A,A,A,
14,63379675,"rs30941041","A/G","Cs:Blk:Y:294","Blk",G,G,G,G,G,G,G,G,G,G,
14,63379704,"rs30941039","A/G","Cs:Blk:L:285","Blk",G,G,G,G,G,G,G,G,G,G,
14,63380293,"rs30940244","C/T","I:Blk","Blk",T,T,T,T,T,T,C,T,T,T,
14,63380386,"rs30939388","A/G","I:Blk","Blk",A,A,A,A,A,A,G,A,A,A,
14,63383382,"rs30941391","A/G","I:Blk","Blk",G,G,G,G,G,G,G,G,G,G,
14,63386186,"rs30943513","A/G","I:Blk","Blk",A,A,A,A,A,A,G,A,A,A,
14,63386732,"rs30942650","A/G","I:Blk","Blk",A,A,A,A,A,A,G,A,A,A,
14,63409481,"rs30939631","A/G","I:Blk","Blk",G,G,G,G,G,G,G,G,G,G,
14,63413821,"rs6341960","C/T","I:Blk","Blk",C,C,C,C,C,C,C,C,C,C,
7,25383439,"rs48432913","A/G","I:Lipe I:4732471J01Rik","Lipe",G,G,G,G,G,G,G,G,G,G,
7,25386215,"rs50985766","A/G","I:Lipe I:4732471J01Rik","Lipe",G,G,G,G,G,G,G,G,G,G,
7,25393892,"rs48614109","C/T","I:Lipe I:4732471J01Rik","Lipe",C,C,C,C,C,C,C,C,C,C,
7,25394498,"rs32439602","G/T","I:Lipe I:4732471J01Rik","Lipe",G,T,T,T,T,T,G,G,T,T,
7,25398348,"rs51814716","A/G","I:4732471J01Rik Cs:Lipe:L:57","Lipe",G,G,G,G,G,G,G,G,G,G,
19,8840996,"rs37561868","A/G","I:Bscl2","Bscl2",G,G,G,G,G,G,G,G,G,G,
19,8847001,"rs37298721","A/G","I:Bscl2","Bscl2",G,G,G,G,G,G,G,G,G,G,
19,8847180,"rs37660991","C/T","I:Bscl2","Bscl2",T,T,T,T,T,T,T,T,T,T,
2,57239712,"rs27888198","A/G","I:Gpd2","Gpd2",G,G,A,G,A,G,A,G,G,A,
2,57241811,"rs27888183","A/G","I:Gpd2","Gpd2",G,G,G,G,G,G,G,G,G,G,
2,57255391,"rs27942201","A/G","I:Gpd2","Gpd2",G,G,G,G,G,G,G,G,G,G,
2,57284737,"rs27925346","G/T","I:Gpd2","Gpd2",T,T,G,T,G,T,G,T,T,G,
2,57284758,"rs27925345","A/G","I:Gpd2","Gpd2",A,A,G,A,G,A,G,A,A,G,
2,57290112,"rs27925315","C/T","I:Gpd2","Gpd2",C,C,C,C,C,C,C,C,C,C,
2,57290380,"rs27925312","C/T","I:Gpd2","Gpd2",T,T,C,T,C,T,C,T,T,C,
2,57308062,"rs27925241","A/T","I:Gpd2","Gpd2",A,A,A,A,A,A,A,A,A,A,
2,57309826,"rs27925233","C/G","I:Gpd2","Gpd2",G,G,G,G,G,G,G,G,G,G,
2,57321015,"rs33210011","C/T","I:Gpd2","Gpd2",T,T,C,T,C,T,C,T,T,C,
2,57324235,"rs27925205","G/T","I:Gpd2","Gpd2",G,G,T,G,T,G,T,G,G,T,
2,57324551,"rs27925199","A/G","I:Gpd2","Gpd2",G,G,A,G,A,G,A,G,G,A,
2,57343280,"rs27925155","C/T","I:Gpd2","Gpd2",T,T,T,T,T,T,T,T,T,T,
2,57359184,"rs46473961","A/G","I:Gpd2","Gpd2",G,G,G,G,G,G,G,G,G,G,
2,57364161,"rs27925118","C/T","I:Gpd2","Gpd2",T,T,C,T,C,T,C,T,T,C,
2,57365586,"rs27925104","C/T","I:Gpd2","Gpd2",T,T,T,T,T,T,T,T,T,T,
2,57366049,"rs27925103","A/G","I:Gpd2","Gpd2",A,A,A,A,A,A,A,A,A,A,
2,57366193,"rs27925101","A/T","I:Gpd2","Gpd2",T,T,T,T,T,T,T,T,T,T,
2,57368731,"rs4223162","C/T","U3:Gpd2","Gpd2",G,G,A,G,A,G,A,G,G,A,
7,100498201,"rs31643045","C/G","Cn:Ucp2:RP:154","Ucp2",G,G,G,C,G,C,G,G,G,G,
7,100498546,"rs31727752","A/T","I:Ucp2","Ucp2",T,T,T,T,T,T,T,T,A,T,
7,100498947,"rs31728875","A/G","I:Ucp2","Ucp2",G,G,G,A,G,A,G,G,G,G,
11,100888275,"rs27105539","A/T","U3:Stat3","Stat3",T,A,T,T,T,T,A,T,T,T,
11,100893603,"rs27105525","C/T","I:Stat3","Stat3",T,T,T,T,T,T,T,T,T,T,
11,100910391,"rs45975714","A/G","I:Stat3","Stat3",A,A,A,A,A,A,A,A,A,A,
11,100910996,"rs6265109","A/T","I:Stat3","Stat3",T,T,T,T,T,T,T,T,T,T,
11,100917348,"rs27105472","A/G","I:Stat3","Stat3",A,A,A,A,A,A,A,A,A,A,
11,100933822,"rs27089535","A/T","I:Stat3","Stat3",T,A,T,T,T,T,A,T,T,T,
11,100934382,"rs27089534","C/G","I:Stat3","Stat3",C,C,C,C,C,C,C,C,C,C,
11,100934681,"rs27089529","A/G","I:Stat3","Stat3",A,G,A,A,A,A,G,A,A,A,
11,100936441,"rs47329883","A/G","I:Stat3","Stat3",A,A,A,A,A,A,A,A,A,A,
5,137062850,"rs3090562","C/T","U3:Serpine1","Serpine1",A,,A,A,A,A,A,A,A,A,
5,137064245,"rs32271828","A/T","I:Serpine1","Serpine1",A,T,A,A,A,A,A,A,A,A,
16,16986054,"rs6207571","A/C/T","I:Mapk1","Mapk1",A,A,A,A,A,A,A,A,A,A,
16,16989089,"rs51753835","C/T","I:Mapk1","Mapk1",C,C,C,C,C,C,C,C,C,C,
16,16989134,"rs50708645","C/T","I:Mapk1","Mapk1",T,T,T,T,T,T,T,T,T,T,
16,17001796,"rs50126214","A/G","I:Mapk1","Mapk1",A,A,A,A,A,A,A,A,A,A,
16,17012764,"rs47050555","A/G","I:Mapk1","Mapk1",G,G,G,G,G,G,G,G,G,G,
16,17016462,"rs49615150","C/T","I:Mapk1","Mapk1",C,C,C,C,C,C,C,C,C,C,
16,17022318,"rs46171168","C/T","I:Mapk1","Mapk1",C,C,C,C,C,C,C,C,C,C,
16,17024025,"rs48828550","A/G","I:Mapk1","Mapk1",A,A,A,A,A,A,A,A,A,A,
16,17024829,"rs51717220","A/G","I:Mapk1","Mapk1",A,A,A,A,A,A,A,A,A,A,
16,17024917,"rs49706313","G/T","I:Mapk1","Mapk1",T,T,T,T,T,T,T,T,T,T,
16,17026767,"rs51615613","A/G","I:Mapk1","Mapk1",A,A,A,A,A,A,A,A,A,A,
16,17038224,"rs49455857","A/G","I:Mapk1","Mapk1",G,G,G,G,G,G,G,G,G,G,
5,144264722,"rs32346473","C/G","U3:Baiap2l1 I:Bri3","Baiap2l1",G,G,G,G,G,C,C,G,C,G,
5,144266789,"rs33319442","C/T","I:Baiap2l1 I:Bri3","Baiap2l1",C,C,C,C,C,T,T,C,T,C,
5,144270228,"rs32349189","A/C","I:Baiap2l1 I:Bri3","Baiap2l1",A,A,A,A,A,A,A,A,A,A,
5,144275618,"rs32352008","A/G","I:Baiap2l1 I:Bri3","Baiap2l1",G,G,A,A,A,G,G,A,G,A,
5,144279585,"rs32353807","C/T","I:Baiap2l1 NC:Gm15708 I:Bri3","Baiap2l1",C,C,T,T,T,C,C,T,C,T,
5,144279883,"rs32353810","G/T","I:Baiap2l1 NC:Gm15708 I:Bri3","Baiap2l1",G,G,T,T,T,G,G,T,G,T,
5,144280029,"rs32353811","A/G","I:Baiap2l1 NC:Gm15708 I:Bri3","Baiap2l1",G,G,G,G,G,G,G,G,G,G,
5,144283434,"rs32347211","C/T","I:Baiap2l1 I:Bri3","Baiap2l1",T,T,T,T,T,T,T,T,T,T,
5,144286604,"rs32348942","A/G","I:Baiap2l1 I:Bri3","Baiap2l1",A,A,G,G,G,G,G,G,G,G,
5,144290194,"rs32350543","A/G","I:Baiap2l1 I:Bri3","Baiap2l1",A,A,A,A,A,A,A,A,A,A,
5,144290667,"rs48300355","A/G","I:Baiap2l1 I:Bri3","Baiap2l1",G,G,G,G,G,G,G,G,G,G,
5,144302819,"rs6162627","C/T","I:Baiap2l1 I:Bri3","Baiap2l1",T,T,T,T,T,C,C,T,C,T,
5,144303837,"rs32352027","A/G","I:Baiap2l1 I:Bri3","Baiap2l1",G,G,G,G,G,G,G,G,G,G,
5,144315072,"rs32348472","A/G","I:Baiap2l1 I:Bri3","Baiap2l1",G,G,A,A,A,A,A,A,A,A,
5,144315782,"rs29547127","A/G","I:Baiap2l1 I:Bri3","Baiap2l1",A,A,A,A,G,A,A,A,A,G,
5,144315829,"rs32349195","A/G","I:Baiap2l1 I:Bri3","Baiap2l1",G,G,G,G,G,G,G,G,G,G,
5,144315894,"rs29553352","A/G","I:Baiap2l1 I:Bri3","Baiap2l1",A,A,G,G,G,G,G,G,G,G,
5,144343394,"rs32349564","C/T","I:Baiap2l1 I:Bri3","Baiap2l1",T,T,T,T,T,C,C,T,C,T,
5,144347417,"rs32352126","C/T","I:Baiap2l1 I:Bri3","Baiap2l1",T,T,T,T,T,T,T,T,T,T,
5,144348356,"rs32352131","A/G","I:Baiap2l1 I:Bri3","Baiap2l1",A,A,A,A,A,A,A,A,A,A,
5,144348386,"rs32352132","C/T","I:Baiap2l1 I:Bri3","Baiap2l1",C,C,C,C,C,C,C,C,C,C,
5,144348833,"rs32352895","G/T","I:Baiap2l1 I:Bri3","Baiap2l1",G,G,G,G,G,G,G,G,G,G,
1,75264439,"rs51603750","A/T","I:Ptprn U5:Ptprn","Ptprn",T,T,T,T,T,T,T,T,T,T,
19,38121750,"rs30408777","C/T","I:Rbp4","Rbp4",C,T,T,T,C,T,T,T,T,C,
6,142300698,"rs32158903","C/G","I:Iapp I:Slco1a5","Iapp",C,C,C,C,C,C,G,C,G,C,
1,121304811,"rs30790050","A/T","U3:Insig2","Insig2",A,A,T,A,T,A,A,T,A,T,
1,121306796,"rs30789158","A/G","I:Insig2","Insig2",G,G,G,G,G,G,G,G,G,G,
1,121311769,"rs30786597","G/T","I:Insig2","Insig2",G,G,G,G,G,G,G,G,G,G,
1,121312058,"rs30786596","A/G","I:Insig2","Insig2",G,G,A,G,A,G,G,A,G,A,
1,121315223,"rs30784605","G/T","I:Insig2","Insig2",G,G,T,G,T,G,G,T,G,T,
1,121316084,"rs30783826","A/C/T","I:Insig2","Insig2",C,C,T,C,T,C,C,T,C,T,
1,121318092,"rs30790360","A/G","I:Insig2","Insig2",A,A,G,A,G,A,A,G,A,G,
1,121320140,"rs30789439","C/T","I:Insig2","Insig2",T,T,T,T,T,T,T,T,T,T,
1,121323027,"rs30788645","C/T","I:Insig2","Insig2",C,C,T,C,T,C,C,T,C,T,
1,121324701,"rs30787864","A/G","I:Insig2","Insig2",G,G,A,G,A,G,G,A,G,A,
1,121325585,"rs30786905","A/G","I:Insig2","Insig2",A,A,G,A,G,A,A,G,A,G,
1,121325652,"rs30786904","A/G","I:Insig2","Insig2",A,A,G,A,G,A,A,G,A,G,
1,121325774,"rs30786031","A/G","I:Insig2","Insig2",A,A,G,A,G,A,A,G,A,G,
1,121326016,"rs30786030","A/G","I:Insig2","Insig2",G,G,A,G,A,G,G,A,G,A,
8,68887740,"rs32949201","A/G","I:Lpl","Lpl",G,G,G,G,A,G,G,G,G,A,
8,68894228,"rs6371160","G/T","I:Lpl","Lpl",T,T,T,T,G,T,T,T,T,G,
8,68894449,"rs3681089","C/T","I:Lpl","Lpl",C,C,C,C,T,C,C,C,C,T,
8,68895640,"rs33613236","A/G","I:Lpl","Lpl",A,A,A,A,G,A,A,A,A,G,
8,106211546,"rs30930965","A/T","I:Prmt7","Prmt7",A,A,A,A,A,A,A,A,A,A,
8,106211788,"rs30930971","A/G","I:Prmt7","Prmt7",A,A,A,A,A,A,A,A,A,A,
8,106216425,"rs30934523","A/T","I:Prmt7","Prmt7",A,A,A,A,A,A,A,T,A,A,
8,106237198,"rs30939139","A/C","I:Prmt7","Prmt7",A,A,A,A,A,A,A,C,A,A,
8,106246978,"rs49549143","C/T","I:Prmt7","Prmt7",T,T,T,T,T,T,T,T,T,T,
8,106249088,"rs30942518","A/G","I:Prmt7","Prmt7",A,A,A,A,A,A,A,A,A,A,
8,106250882,"rs30943433","A/G","I:Prmt7","Prmt7",A,A,A,A,A,A,A,G,A,A,
12,32180412,"rs29181941","A/G","I:Pik3cg","Pik3cg",G,G,G,G,A,A,A,G,A,A,
12,32181930,"rs46263660","C/T","I:Pik3cg","Pik3cg",C,C,C,C,C,C,C,C,C,C,
12,32183180,"rs29222646","A/G","I:Pik3cg","Pik3cg",A,A,A,A,G,G,G,A,G,G,
12,32183361,"rs45796948","A/G","I:Pik3cg","Pik3cg",G,G,G,G,G,G,G,G,G,G,
12,32186690,"rs29203997","C/T","I:Pik3cg U3:Pik3cg","Pik3cg",T,T,T,T,C,C,C,T,C,C,
12,32187220,"rs3675963","C/T","I:Pik3cg","Pik3cg",C,C,C,C,T,T,T,C,T,T,
12,32188504,"rs46639273","C/T","I:Pik3cg","Pik3cg",T,T,T,T,T,T,T,T,T,T,
12,32190493,"rs6357853","A/G","I:Pik3cg","Pik3cg",G,G,G,G,G,G,G,G,G,G,
12,32196117,"rs29218867","C/T","I:Pik3cg","Pik3cg",T,C,C,C,C,C,C,C,C,C,
12,32196193,"rs29188526","A/G","I:Pik3cg","Pik3cg",G,G,G,G,A,A,A,G,A,A,
12,32196235,"rs47411545","C/T","I:Pik3cg","Pik3cg",T,T,T,T,T,T,T,T,T,T,
12,32199595,"rs49699558","C/G","I:Pik3cg","Pik3cg",C,C,C,C,C,C,C,C,C,C,
12,32208374,"rs3711295","C/G","I:Pik3cg U5:Pik3cg","Pik3cg",G,G,G,G,C,C,C,G,C,C,

